iter	MultiClass
0	1.369567101
1	1.353860093
2	1.339571744
3	1.323118137
4	1.310189516
5	1.296346518
6	1.282774316
7	1.26906926
8	1.255461656
9	1.24259301
